,id,object_name,chain,object_type,address,number,street,district
19,153644,американская лаборатория десертов,нет,кафе,"город Москва, Филипповский переулок, дом 15/5",20, Филипповский переулок,район Арбат
61,21214,столовая,нет,столовая,"город Москва, Бабаевская улица, дом 3",90, Бабаевская улица,район Сокольники
69,22139,хуанхэ,нет,ресторан,"город Москва, 1-й Балтийский переулок, дом 3/25",60, 1-й Балтийский переулок,район Аэропорт
81,25833,азербайджан,нет,ресторан,"город Москва, улица Демьяна Бедного, дом 4",180, улица Демьяна Бедного,район Хорошёво-Мнёвники
131,150881,вгик,нет,столовая,"город Москва, Будайская улица, дом 3",45, Будайская улица,район Ростокино
150,24155,советские времена,да,кафе,"город Москва, Варсонофьевский переулок, дом 6",82, Варсонофьевский переулок,Мещанский район
179,24646,угол,нет,кафе,"город Москва, Верхняя улица, дом 3, корпус 2",71, Верхняя улица,район Беговой
181,20632,бар в фитнес клубе,нет,бар,"город Москва, Глазовский переулок, дом 5",4, Глазовский переулок,район Хамовники
228,25090,ооо «театро»,нет,кафе,"город Москва, Воротниковский переулок, дом 11, строение 1",35, Воротниковский переулок,Тверской район
235,25487,сущевский дворик,нет,кафе,"город Москва, 2-й Вышеславцев переулок, дом 17",48, 2-й Вышеславцев переулок,район Марьина Роща
241,19821,столовая гбпоу зкно,нет,буфет,"город Москва, Гвардейская улица, дом 15, корпус 1",50, Гвардейская улица,Можайский район
251,27658,при школе 1294,нет,столовая,"город Москва, Глебовская улица, дом 10",240, Глебовская улица,район Богородское
308,27591,столовая школы 1254,нет,столовая,"город Москва, улица Девятая Рота, дом 14",160, улица Девятая Рота,район Преображенское
350,68203,ньокки,да,ресторан,"город Москва, улица Генерала Ермолова, дом 4",60, улица Генерала Ермолова,район Дорогомилово
352,25330,хижина,да,ресторан,"город Москва, улица Жебрунова, дом 4",120, улица Жебрунова,район Сокольники
354,28847,столовая спецшкола 9,нет,столовая,"город Москва, улица Бориса Жигулёнкова, дом 15",80, улица Бориса Жигулёнкова,район Соколиная Гора
359,22376,тратория,нет,кафе,"город Москва, улица Жуковского, дом 5",50, улица Жуковского,Басманный район
437,20733,пивной бар элефант,нет,бар,"город Москва, 2-й Колобовский переулок, дом 12",55, 2-й Колобовский переулок,Тверской район
463,152097,столовая при гбоу школа 171,нет,столовая,"город Москва, Кооперативная улица, дом 2, корпус 13",24, Кооперативная улица,район Хамовники
520,79517,прованс,нет,ресторан,"город Москва, 1-й Обыденский переулок, дом 9/12",40, 1-й Обыденский переулок,район Хамовники
522,79562,фидан,нет,ресторан,"город Москва, Кунцевская улица, дом 10",81, Кунцевская улица,район Кунцево
538,28857,кп мэи,нет,столовая,"город Москва, улица Лапина, дом 3",240, улица Лапина,район Лефортово
540,20804,волконский,да,магазин (отдел кулинарии),"город Москва, Малый Лёвшинский переулок, дом 14/9, строение 1",16, Малый Лёвшинский переулок,район Хамовники
627,24319,гивисациви,нет,кафе,"город Москва, Лужнецкий проезд, дом 1",95, Лужнецкий проезд,район Хамовники
642,153381,столовая при гбоу школа 57,нет,столовая,"город Москва, Малый Знаменский переулок, дом 7/10, строение 2",36, Малый Знаменский переулок,район Хамовники
711,21002,буфет техникума мпэ,нет,буфет,"город Москва, Мирской переулок, дом 5",30, Мирской переулок,Савёловский район
713,26252,ресторан «граф орлов»,нет,ресторан,"город Москва, 2-й Верхний Михайловский проезд, дом 2",90, 2-й Верхний Михайловский проезд,Донской район
737,24654,журфак,нет,кафе,"город Москва, Большой Афанасьевский переулок, дом 3, строение 3",49, Большой Афанасьевский переулок,район Хамовники
742,24601,хинкаль палас,нет,кафе,"город Москва, Нагорный бульвар, дом 5, корпус 1",40, Нагорный бульвар,район Котловка
756,137544,антикварный boutique & bar,нет,бар,"город Москва, Звонарский переулок, дом 5",30, Звонарский переулок,Мещанский район
757,69302,union jack,нет,бар,"город Москва, Нижний Кисельный переулок, дом 3, строение 1",30, Нижний Кисельный переулок,Мещанский район
779,124526,кафе дада,нет,кафе,"город Москва, 1-й Новокузнецкий переулок, дом 5-7",30, 1-й Новокузнецкий переулок,район Замоскворечье
783,27483,гбоу школа № 1352,нет,столовая,"город Москва, Новосибирская улица, дом 8",110, Новосибирская улица,район Гольяново
895,20048,пицца-фабрика,нет,кафе,"город Москва, улица Пивченкова, дом 7",12, улица Пивченкова,район Фили-Давыдково
899,23980,сказочный двор,нет,кафе,"город Москва, Платовская улица, дом 4",45, Платовская улица,район Дорогомилово
908,25694,кафе,нет,кафетерий,"город Москва, 3-й проезд Подбельского, дом 22, корпус 3",16, 3-й проезд Подбельского,район Богородское
910,156679,cezve coffee,нет,кафе,"город Москва, Подсосенский переулок, дом 8, строение 2",20, Подсосенский переулок,Басманный район
990,20381,трапезная,нет,столовая,"город Москва, улица Рогожский Посёлок, дом 3",10, улица Рогожский Посёлок,Нижегородский район
1062,141385,гранатовый сад,нет,ресторан,"город Москва, 1-й Сетуньский проезд, дом 10",80, 1-й Сетуньский проезд,район Раменки
1113,22203,вуден бор,нет,кафе,"город Москва, 2-й Стрелецкий проезд, дом 7",40, 2-й Стрелецкий проезд,район Марьина Роща
1147,29423,школа апогей,нет,буфет,"город Москва, Таганрогская улица, дом 7",150, Таганрогская улица,район Люблино
1163,21439,буфет при гуп «объединенный комбинат школьного питания»,нет,столовая,"город Москва, Тенистый проезд, дом 8",98, Тенистый проезд,район Свиблово
1219,146370,амбарчик,нет,кафе,"город Москва, Малый Николопесковский переулок, дом 9/1, строение 2",20, Малый Николопесковский переулок,район Арбат
1273,21569,буфет школы 694,нет,буфет,"город Москва, 2-й Хуторской переулок, дом 4/13",75, 2-й Хуторской переулок,Савёловский район
1404,87543,кафе «one teaspoon»,нет,кафе,"город Москва, Яузский бульвар, дом 14/8",16, Яузский бульвар,Не определен
1426,82532,будайский дворик,нет,ресторан,"город Москва, Будайский проезд, дом 8",98, Будайский проезд,район Ростокино
1432,20865,буфет при общежитии,нет,буфет,"город Москва, Международная улица, дом 15",8, Международная улица,Таганский район
1456,134075,матрешка,нет,кафе,"город Москва, Новолучанская улица, дом 22, строение 1",17, Новолучанская улица,Не определен
1466,25989,алиби,нет,ресторан,"город Москва, Ащеулов переулок, дом 9",85, Ащеулов переулок,Красносельский район
1537,20415,чашка,нет,бар,"город Москва, улица Академика Семёнова, дом 3",40, улица Академика Семёнова,район Южное Бутово
1574,157025,улисс паб,нет,бар,"город Москва, Кривоарбатский переулок, дом 16/22",100, Кривоарбатский переулок,район Арбат
1633,25165,кафе-пиццерия,нет,кафе,"город Москва, 1-й Зачатьевский переулок, дом 4",50, 1-й Зачатьевский переулок,район Хамовники
1646,68324,tokyo bay,да,кафе,"город Москва, Старомонетный переулок, дом 18",50, Старомонетный переулок,район Якиманка
1654,22043,супкультура,нет,кафе,"город Москва, 2-й Щемиловский переулок, дом 4",30, 2-й Щемиловский переулок,Тверской район
1667,75223,борго,нет,кафе,"город Москва, 2-й Полевой переулок, дом 2",45, 2-й Полевой переулок,район Сокольники
1687,111078,кафе торшер,нет,кафе,"город Москва, улица Васильцовский Стан, дом 5, корпус 1",48, улица Васильцовский Стан,Рязанский район
1756,22808,else kafe,нет,кафе,"город Москва, Иваньковское шоссе, дом 5",30, Иваньковское шоссе,район Покровское-Стрешнево
1781,24748,густаторе,нет,кафе,"город Москва, Петровско-Разумовская аллея, дом 10, корпус 3",24, Петровско-Разумовская аллея,район Аэропорт
1847,24743,кафе angelov,нет,кафе,"город Москва, 2-й Неопалимовский переулок, дом 3",35, 2-й Неопалимовский переулок,район Хамовники
1909,27568,столовая,нет,столовая,"город Москва, Конаковский проезд, дом 5",240, Конаковский проезд,Головинский район
1915,27436,школа 1381,нет,столовая,"город Москва, Янтарный проезд, дом 2",300, Янтарный проезд,Лосиноостровский район
1918,27896,столовая,нет,столовая,"город Москва, Авиационный переулок, дом 5",62, Авиационный переулок,район Аэропорт
1934,21437,столовая колорит кадетского корпуса № 1783,нет,столовая,"город Москва, 3-я Новоостанкинская улица, дом 6",80, 3-я Новоостанкинская улица,Останкинский район
1955,25970,бюргер,нет,бар,"город Москва, Докучаев переулок, дом 6, строение 2",60, Докучаев переулок,Красносельский район
1964,28254,столовая,нет,столовая,"город Москва, Фармацевтический проезд, дом 1",55, Фармацевтический проезд,район Коптево
1969,153599,столовая «гкб им. с.п. боткина»,нет,столовая,"город Москва, Большой Предтеченский переулок, дом 15/8, строение 1",70, Большой Предтеченский переулок,Пресненский район
1976,29144,школа №110,нет,столовая,"город Москва, Столовый переулок, дом 10/2, строение 1",40, Столовый переулок,Пресненский район
2022,27183,yoko,нет,ресторан,"город Москва, Соймоновский проезд, дом 5",50, Соймоновский проезд,район Хамовники
2029,22627,ривер,нет,кафе,"город Москва, Малый Власьевский переулок, дом 12, строение 2",24, Малый Власьевский переулок,район Хамовники
2041,22670,хинкальная,да,кафе,"город Москва, Богоявленский переулок, дом 6, строение 2",20, Богоявленский переулок,Тверской район
2069,137801,казан чай бар,нет,ресторан,"город Москва, Малый Татарский переулок, дом 8, строение 1",46, Малый Татарский переулок,район Замоскворечье
2070,28552,столовая,нет,столовая,"город Москва, 2-й Новокузнецкий переулок, дом 13/15, строение 1",80, 2-й Новокузнецкий переулок,район Замоскворечье
2073,140795,ресторан золберг,нет,ресторан,"город Москва, 1-й Люсиновский переулок, дом 3Б",60, 1-й Люсиновский переулок,район Замоскворечье
2103,22220,ухтомская усадьба,нет,ресторан,"город Москва, Лениногорская улица, дом 32, строение 1",42, Лениногорская улица,район Косино-Ухтомский
2104,147961,премьер пицца,нет,предприятие быстрого обслуживания,"город Москва, Прокатная улица, дом 7",0, Прокатная улица,район Ивановское
2186,21525,гбоу школа № 1236,нет,столовая,"город Москва, улица Гончарова, дом 15Б",60, улица Гончарова,Бутырский район
2197,28801,столовая при колледже № 21,нет,столовая,"город Москва, Вербная улица, дом 4, строение 1",252, Вербная улица,район Метрогородок
2202,29239,столовая 1404,нет,столовая,"город Москва, Большая Ширяевская улица, дом 11",80, Большая Ширяевская улица,район Сокольники
2208,21399,школьная столовая № 1210,нет,столовая,"город Москва, улица Гамалеи, дом 17, корпус 1",95, улица Гамалеи,район Щукино
2260,152523,антикинотеатр «newtone»,нет,кафе,"город Москва, Хлебный переулок, дом 2/3, строение 3",25, Хлебный переулок,Пресненский район
2365,27860,мнити,нет,столовая,"город Москва, Гольяновская улица, дом 7А, строение 1",70, Гольяновская улица,Басманный район
2369,27343,школа 354,нет,столовая,"город Москва, Лефортовский переулок, дом 8, строение 1",40, Лефортовский переулок,Басманный район
2407,150892,школа,нет,столовая,"город Москва, Средний Кондратьевский переулок, дом 8А",60, Средний Кондратьевский переулок,Пресненский район
2409,150890,школа,нет,столовая,"город Москва, улица Подвойского, дом 2",200, улица Подвойского,Пресненский район
2430,20119,кафе,нет,кафе,"город Москва, Изваринская улица, дом 4, корпус 1",45, Изваринская улица,район Внуково
2431,19822,столовая,нет,столовая,"город Москва, Дивизионная улица, дом 4",80, Дивизионная улица,Не определен
2451,29188,столовая,нет,столовая,"город Москва, Пулковская улица, дом 6",50, Пулковская улица,Головинский район
2504,29350,столовая школы 900,нет,столовая,"город Москва, 3-й Дорожный проезд, дом 6А",240, 3-й Дорожный проезд,район Чертаново Южное
2518,26715,ресторан «тэсти»,нет,предприятие быстрого обслуживания,"город Москва, Кожевнический проезд, дом 4/5, строение 5",200, Кожевнический проезд,район Замоскворечье
2528,24635,оазис,нет,кафе,"город Москва, улица Рокотова, дом 2А",80, улица Рокотова,район Ясенево
2568,26686,территория ясенево,да,ресторан,"город Москва, Ясногорская улица, дом 2",200, Ясногорская улица,район Ясенево
2609,21495,гбоу школа № 626 структурное подразделение «ремизово»,нет,столовая,"город Москва, улица Ремизова, дом 12",80, улица Ремизова,район Котловка
2615,29377,гбоудо «севастополец»,нет,столовая,"город Москва, Большая Юшуньская улица, дом 14",55, Большая Юшуньская улица,Не определен
2638,27566,столовая,нет,столовая,"город Москва, Солнечногорский проезд, дом 7А",184, Солнечногорский проезд,Головинский район
2667,21273,буфет в техникуме,нет,буфет,"город Москва, Стандартная улица, дом 4А",60, Стандартная улица,Алтуфьевский район
2679,21390,столовая цо 1402,нет,столовая,"город Москва, 2-я Сокольническая улица, дом 3",60, 2-я Сокольническая улица,район Сокольники
2683,29541,при вечерней школе 148,нет,столовая,"город Москва, 2-я Гражданская улица, дом 8",50, 2-я Гражданская улица,район Богородское
2685,29543,при школе 382,нет,столовая,"город Москва, Андреево-Забелинская улица, дом 28",120, Андреево-Забелинская улица,район Богородское
2690,73010,при школе 374,нет,буфет,"город Москва, Миллионная улица, дом 5",125, Миллионная улица,район Богородское
2699,21577,при школе 363,нет,буфет,"город Москва, Алымов переулок, дом 15",120, Алымов переулок,район Богородское
2700,21575,при школе 365,нет,буфет,"город Москва, 5-й проезд Подбельского, дом 2",90, 5-й проезд Подбельского,район Богородское
2712,28576,стол. шк. 163,нет,столовая,"город Москва, Линейный проезд, дом 11",200, Линейный проезд,Тимирязевский район
2713,29201,гбоу школа №771,нет,столовая,"город Москва, Икшинская улица, дом 12",247, Икшинская улица,Дмитровский район
2714,28681,стол. шк. 929,нет,столовая,"город Москва, улица Немчинова, дом 8",140, улица Немчинова,Тимирязевский район
2726,29196,гбоу школа дмитровский,нет,столовая,"город Москва, Вагоноремонтная улица, дом 15А",247, Вагоноремонтная улица,Дмитровский район
2727,29490,стол.школы 1592 кшп «логарифм»,нет,столовая,"город Москва, Бескудниковский проезд, дом 4А",240, Бескудниковский проезд,Бескудниковский район
2728,29493,стол.шк.n208 гуп«школьное питание»,нет,столовая,"город Москва, Бескудниковский переулок, дом 4А",240, Бескудниковский переулок,Бескудниковский район
2736,21387,стол. шк.207,нет,столовая,"город Москва, Астрадамский проезд, дом 5",60, Астрадамский проезд,Тимирязевский район
2737,29198,гбоу школа дмитровский,нет,столовая,"город Москва, Карельский бульвар, дом 20",67, Карельский бульвар,Дмитровский район
2741,22454,апрель,нет,ресторан,"город Москва, Живарев переулок, дом 8, строение 3",80, Живарев переулок,Красносельский район
2751,27405,гбоу пушкинская школа № 1500,нет,столовая,"город Москва, Скорняжный переулок, дом 3, строение 1",150, Скорняжный переулок,Красносельский район
2754,83649,graff lounge,нет,ресторан,"город Москва, 1-й Коптельский переулок, дом 2/7, строение 1",45, 1-й Коптельский переулок,Красносельский район
2782,20967,буфет № 6 ргау-мсха им. к.а. тимирязева,нет,буфет,"город Москва, Тимирязевский проезд, дом 2",16, Тимирязевский проезд,Тимирязевский район
2842,76888,лоза,нет,кафе,"город Москва, Институтский переулок, дом 2",50, Институтский переулок,район Марьина Роща
2852,152179,гбоу многопрофильный лицей № 1501,нет,буфет,"город Москва, улица Достоевского, дом 25, строение 1",60, улица Достоевского,Тверской район
2894,140177,спорт-бар гладиатор,нет,бар,"город Москва, улица Фонвизина, дом 17",15, улица Фонвизина,Бутырский район
2926,76244,да пино,да,ресторан,"город Москва, Делегатская улица, дом 7, строение 1",145, Делегатская улица,Не определен
2937,23288,столовая школы 12,нет,столовая,"город Москва, 2-й Сетуньский проезд, дом 9",250, 2-й Сетуньский проезд,район Раменки
2956,28669,школа № 706 (доготовочная столовая),нет,столовая,"город Москва, Песчаный переулок, дом 6",140, Песчаный переулок,район Сокол
2965,21426,буфет школы 153,нет,буфет,"город Москва, Прибрежный проезд, дом 12",90, Прибрежный проезд,район Левобережный
2997,83284,кафе «восточная сказка»,нет,кафе,"город Москва, 3-я Подрезковская улица, дом 14, строение 2",60, 3-я Подрезковская улица,Молжаниновский район
3011,21421,столовая гимназии 1570,нет,буфет,"город Москва, переулок Расковой, дом 14А",70, переулок Расковой,район Беговой
3025,23669,школа 1012,нет,столовая,"город Москва, Родниковая улица, дом 20, корпус 1",320, Родниковая улица,район Солнцево
3037,29074,школьно-базовая столовая,нет,столовая,"город Москва, Большая Бутовская улица, дом 9",120, Большая Бутовская улица,район Южное Бутово
3042,29008,цо №1450 «комбинат дошкольного питания»,нет,столовая,"город Москва, Фруктовая улица, дом 9",300, Фруктовая улица,Не определен
3045,140413,офицерское собрание ресторан,нет,ресторан,"город Москва, Черниговский переулок, дом 9/13, строение 2",30, Черниговский переулок,район Замоскворечье
3053,20966,буфет полиграфического колледжа 56,нет,буфет,"город Москва, Полтавская улица, дом 3",120, Полтавская улица,Савёловский район
3066,28222,бар (закрытое),нет,буфет,"город Москва, Пыжёвский переулок, дом 5, строение 1",30, Пыжёвский переулок,район Якиманка
3071,28108,столовая «анокпумгкэит»,нет,столовая,"город Москва, улица Академика Петровского, дом 10",150, улица Академика Петровского,Донской район
3123,20879,nook cofee,нет,кафе,"город Москва, Нелидовская улица, дом 10, строение 1",14, Нелидовская улица,район Южное Тушино
3124,73079,школа № 1431,нет,столовая,"город Москва, 1-й Тушинский проезд, дом 12",240, 1-й Тушинский проезд,район Покровское-Стрешнево
3127,90766,кафе,нет,кафе,"город Москва, проезд Досфлота, дом 2, строение 1",24, проезд Досфлота,район Южное Тушино
3143,23366,школа № 830 корпус № 4,нет,столовая,"город Москва, Врачебный проезд, дом 12",210, Врачебный проезд,район Покровское-Стрешнево
3162,20938,ярославский посад,нет,буфет,"город Москва, 3-й Стрелецкий проезд, дом 3",36, 3-й Стрелецкий проезд,район Марьина Роща
3199,27284,принцесса,нет,ресторан,"город Москва, Попов проезд, дом 2",200, Попов проезд,район Сокольники
3201,75004,кафе,нет,кафе,"город Москва, 1-я Боевская улица, дом 6",44, 1-я Боевская улица,район Сокольники
3220,27588,столовая школы 380,нет,столовая,"город Москва, 2-я улица Бухвостова, дом 6",100, 2-я улица Бухвостова,район Преображенское
3254,27389,школьная столовая № 1874,нет,столовая,"город Москва, улица Маршала Новикова, дом 13",170, улица Маршала Новикова,район Щукино
3256,27349,столовая гбоу школа № 1560 «лидер»,нет,столовая,"город Москва, Новохорошёвский проезд, дом 12",250, Новохорошёвский проезд,район Хорошёво-Мнёвники
3276,152133,столовая института мировых цивилизаций,нет,столовая,"город Москва, 1-й Басманный переулок, дом 3, строение 1",50, 1-й Басманный переулок,Красносельский район
3289,126032,9bar,нет,кафетерий,"город Москва, Стромынский переулок, дом 4",0, Стромынский переулок,район Сокольники
3296,25298,кафе «хомяк»,нет,кафе,"город Москва, Заводской проезд, дом 25",35, Заводской проезд,район Измайлово
3301,28548,столовая при школе 1362,нет,столовая,"город Москва, Лечебная улица, дом 20",80, Лечебная улица,район Соколиная Гора
3320,28546,столовая при школе интернат № 53,нет,столовая,"город Москва, Кирпичная улица, дом 18",150, Кирпичная улица,район Соколиная Гора
3332,21274,сэлтинс,нет,буфет,"город Москва, Стрелецкая улица, дом 2, строение 1",28, Стрелецкая улица,район Марьина Роща
3336,28839,гбоу школа №2200,нет,столовая,"город Москва, 11-я Парковая улица, дом 50",112, 11-я Парковая улица,район Северное Измайлово
3338,29234,столовая при колледже,нет,столовая,"город Москва, 14-я Парковая улица, дом 4Б",100, 14-я Парковая улица,район Восточное Измайлово
3345,21453,столовая школы 434,нет,столовая,"город Москва, улица Благуша, дом 6",80, улица Благуша,район Соколиная Гора
3349,27399,столовая при школе 1056,нет,столовая,"город Москва, Штурвальная улица, дом 7, корпус 2",240, Штурвальная улица,район Южное Тушино
3350,20931,алеся,нет,столовая,"город Москва, Минаевский переулок, дом 2",60, Минаевский переулок,район Марьина Роща
3359,146703,бабу,нет,кафе,"город Москва, Щёлковский проезд, дом 13",44, Щёлковский проезд,район Северное Измайлово
3360,22224,кафе «сочи»,нет,кафе,"город Москва, Мажоров переулок, дом 5",15, Мажоров переулок,район Соколиная Гора
3367,73308,кофе-хаус,да,кафе,"город Москва, Измайловская площадь, дом 1А",98, Измайловская площадь,район Измайлово
3371,27633,цо 345,нет,столовая,"город Москва, Елоховский проезд, дом 1, строение 5",100, Елоховский проезд,Басманный район
3375,21367,школа 1204,нет,буфет,"город Москва, Рубцов переулок, дом 10/14",77, Рубцов переулок,Басманный район
3381,27855,мосводоканал,нет,столовая,"город Москва, Плетешковский переулок, дом 2",90, Плетешковский переулок,Басманный район
3388,29148,школа №87,нет,столовая,"город Москва, улица Николаева, дом 5",40, улица Николаева,Пресненский район
3391,21035,малыш и карлсон,нет,буфет,"город Москва, Триумфальная площадь, дом 2, строение 1",15, Триумфальная площадь,Тверской район
3465,21280,буфет медицинского училища при гкб им. боткина,нет,буфет,"город Москва, 2-й Боткинский проезд, дом 5, корпус 28",40, 2-й Боткинский проезд,район Беговой
3527,21030,буфет,нет,буфет,"город Москва, Мамоновский переулок, дом 10, строение 1",4, Мамоновский переулок,Тверской район
3529,22576,золотой дракон,нет,кафе,"город Москва, Дегтярный переулок, дом 6, строение 1",86, Дегтярный переулок,Тверской район
3530,25096,ливанец,нет,кафе,"город Москва, Глинищевский переулок, дом 3",98, Глинищевский переулок,Тверской район
3597,26857,гарден,нет,ресторан,"город Москва, 3-я Песчаная улица, дом 2",80, 3-я Песчаная улица,Хорошёвский район
3619,154224,обломов,нет,ресторан,"город Москва, 1-й Монетчиковский переулок, дом 5, строение 1",75, 1-й Монетчиковский переулок,район Замоскворечье
3621,142570,квартира 44,да,кафе,"город Москва, улица Малая Ордынка, дом 24",38, улица Малая Ордынка,район Замоскворечье
3624,29577,школа 540 «кдп»,нет,столовая,"город Москва, Хавская улица, дом 15",200, Хавская улица,Даниловский район
3630,129451,кафе «ванадис»,нет,кафе,"город Москва, Жуков проезд, дом 8, строение 3",30, Жуков проезд,Даниловский район
3633,141361,ирландский паб белфаст,нет,кафе,"город Москва, Средний Овчинниковский переулок, дом 1, строение 13",40, Средний Овчинниковский переулок,район Замоскворечье
3639,21582,школа 573 «кдп»,нет,столовая,"город Москва, 5-й Рощинский проезд, дом 4",120, 5-й Рощинский проезд,Даниловский район
3642,19883,солнечный очаг,нет,ресторан,"город Москва, улица Богданова, дом 56Б",60, улица Богданова,район Солнцево
3652,23673,школа 1000,нет,столовая,"город Москва, Наро-Фоминская улица, дом 1",130, Наро-Фоминская улица,район Солнцево
3653,23662,школа 1009,нет,столовая,"город Москва, улица Щорса, дом 5",200, улица Щорса,район Солнцево
3670,69444,mojo,нет,кафе,"город Москва, Сверчков переулок, дом 8, строение 1",63, Сверчков переулок,Басманный район
3701,156723,eleven-hall,нет,ресторан,"город Москва, Малый Каретный переулок, дом 11, строение 2",100, Малый Каретный переулок,Тверской район
3713,23514,осипов а.с. (прод.база «очаково»),нет,столовая,"город Москва, проектируемый проезд № 1980, дом 4",60, проектируемый проезд № 1980,район Очаково-Матвеевское
3754,29173,моск. гор. колледж инф-х технологий,нет,столовая,"город Москва, Костомаровская набережная, дом 29, строение 1",84, Костомаровская набережная,Таганский район
3755,27019,гостиница лефортово,нет,ресторан,"город Москва, 1-й Краснокурсантский проезд, дом 1/4",200, 1-й Краснокурсантский проезд,район Лефортово
3756,27859,столовая при ммгп «мосгаз» буфет,нет,столовая,"город Москва, Мрузовский переулок, дом 11, строение 1",30, Мрузовский переулок,Басманный район
3760,152836,полковнику никто не пишет,нет,кафе,"город Москва, Петроверигский переулок, дом 4, строение 1",44, Петроверигский переулок,Не определен
3763,21365,школа 1227,нет,буфет,"город Москва, Большой Трёхсвятительский переулок, дом 4",55, Большой Трёхсвятительский переулок,Не определен
3765,21373,школа 330,нет,буфет,"город Москва, Большой Казённый переулок, дом 9",55, Большой Казённый переулок,Басманный район
3766,28859,лицей 1303,нет,столовая,"город Москва, Таможенный проезд, дом 4",170, Таможенный проезд,район Лефортово
3768,28861,школа 1229,нет,столовая,"город Москва, Верхний Золоторожский переулок, дом 2",170, Верхний Золоторожский переулок,район Лефортово
3775,28863,школа 416,нет,столовая,"город Москва, Шепелюгинская улица, дом 21/13, строение 1",150, Шепелюгинская улица,район Лефортово
3776,28860,школа 733,нет,столовая,"город Москва, Лонгиновская улица, дом 6",120, Лонгиновская улица,район Лефортово
3784,153726,столовая при фгбоу во мпгу,нет,столовая,"город Москва, Несвижский переулок, дом 3",26, Несвижский переулок,район Хамовники
3841,153404,столовая при гбоу лицей 1555,нет,столовая,"город Москва, Хилков переулок, дом 3А",45, Хилков переулок,район Хамовники
3844,152202,столовая при гбоу лицей 1535,нет,столовая,"город Москва, Малый Саввинский переулок, дом 8",105, Малый Саввинский переулок,район Хамовники
3852,153436,столовая при образовательном комплексе дизайна и технологии,нет,столовая,"город Москва, улица Савельева, дом 5",100, улица Савельева,район Хамовники
3853,153380,столовая при гбоу школа 57,нет,столовая,"город Москва, переулок Хользунова, дом 8",48, переулок Хользунова,район Хамовники
3872,153406,столовая при гимназии 1529 им. а.с. грибоедова,нет,столовая,"город Москва, 2-й Обыденский переулок, дом 9",30, 2-й Обыденский переулок,район Хамовники
3875,150573,буфет на хитровке,нет,кафе,"город Москва, Хитровский переулок, дом 3/1, строение 4",12, Хитровский переулок,Не определен
3891,28416,столовая при управлении судебного департамента,нет,столовая,"город Москва, Андроньевская площадь, дом 5/9",45, Андроньевская площадь,Таганский район
3910,151761,ред брик,нет,бар,"город Москва, Хохловский переулок, дом 10, строение 6",50, Хохловский переулок,Не определен
3954,28810,столовая при шк. 2093 (783),нет,столовая,"город Москва, Союзный проспект, дом 2",240, Союзный проспект,район Новогиреево
3975,28809,столовая при шк. 2072,нет,столовая,"город Москва, Утренняя улица, дом 12",200, Утренняя улица,район Новогиреево
3994,28806,столовая при шк. 2093 (787),нет,столовая,"город Москва, улица Алексея Дикого, дом 18А",150, улица Алексея Дикого,район Новогиреево
4134,29155,школа 2104,нет,столовая,"город Москва, 1-й Котельнический переулок, дом 5, строение 2",35, 1-й Котельнический переулок,Таганский район
4156,21583,школа №1272,нет,столовая,"город Москва, 1-й Кожуховский проезд, дом 17",120, 1-й Кожуховский проезд,Даниловский район
4157,28996,школа 574 кдп,нет,столовая,"город Москва, Высокая улица, дом 6",210, Высокая улица,район Нагатино-Садовники
4171,147916,донер бистро,нет,предприятие быстрого обслуживания,"город Москва, Гончарная набережная, дом 9/16, строение 3",0, Гончарная набережная,Таганский район
4176,150827,гбоу школа №498,нет,столовая,"город Москва, улица Малые Каменщики, дом 18",0, улица Малые Каменщики,Таганский район
4177,21181,школа 2104,нет,буфет,"город Москва, 5-й Котельнический переулок, дом 8",60, 5-й Котельнический переулок,Таганский район
4185,29309,школа 485,нет,столовая,"город Москва, 3-й Кожуховский проезд, дом 3А",120, 3-й Кожуховский проезд,Южнопортовый район
4197,82524,столовая мгпу,нет,столовая,"город Москва, 2-й Сельскохозяйственный проезд, дом 4, строение 1",150, 2-й Сельскохозяйственный проезд,район Ростокино
4199,28270,цсо,нет,столовая,"город Москва, Магаданская улица, дом 9",40, Магаданская улица,Лосиноостровский район
4208,28706,столовая (гбоу «школа №1558имени росалии де кастро»),нет,столовая,"город Москва, Печорская улица, дом 18",300, Печорская улица,Бабушкинский район
4209,27468,столовая-доготовочная при школе 1099,нет,столовая,"город Москва, улица Ротерта, дом 5",300, улица Ротерта,Ярославский район
4214,27438,школа 529,нет,столовая,"город Москва, 2-я Напрудная улица, дом 17",240, 2-я Напрудная улица,Лосиноостровский район
4217,28705,столовая (гбоу «школа № 281»),нет,столовая,"город Москва, Радужная улица, дом 7",240, Радужная улица,Бабушкинский район
4219,28701,столовая (гбоу «школа №1095»),нет,столовая,"город Москва, Олонецкий проезд, дом 6",240, Олонецкий проезд,Бабушкинский район
4220,28697,столовая (гбоу «школа №281»),нет,буфет,"город Москва, улица Рудневой, дом 10",60, улица Рудневой,Бабушкинский район
4222,27461,столовая-доготовочная при школе 1374,нет,столовая,"город Москва, Федоскинская улица, дом 4",240, Федоскинская улица,Ярославский район
4226,27437,школа 762,нет,столовая,"город Москва, Норильская улица, дом 4",300, Норильская улица,Лосиноостровский район
4239,23022,светлана,нет,кафе,"город Москва, Таёжная улица, дом 1",45, Таёжная улица,Лосиноостровский район
4246,27441,школа 1188,нет,столовая,"город Москва, 1-я Напрудная улица, дом 13",300, 1-я Напрудная улица,Лосиноостровский район
4278,28691,столовая при московском коледже железнодорожного транспорта,нет,столовая,"город Москва, Кучин переулок, дом 14, строение 1",134, Кучин переулок,Алексеевский район
4320,29521,столовая «потенциал»,нет,столовая,"город Москва, Кулаков переулок, дом 7",150, Кулаков переулок,Алексеевский район
4324,138024,столовая при школе № 2107,нет,буфет,"город Москва, Напрудный переулок, дом 13",30, Напрудный переулок,Мещанский район
4326,21069,буфет при ржевской бане,нет,буфет,"город Москва, Банный проезд, дом 3, строение 1",4, Банный проезд,Мещанский район
4338,138027,столовая при школе № 2107,нет,буфет,"город Москва, переулок Васнецова, дом 2",43, переулок Васнецова,Мещанский район
4346,21388,буфет-раздаточный при школе № 242,нет,буфет,"город Москва, 1-й проезд Марьиной Рощи, дом 3А",50, 1-й проезд Марьиной Рощи,район Марьина Роща
4347,28629,столовая при школе № 1297,нет,буфет,"город Москва, Малая Переяславская улица, дом 6/8",83, Малая Переяславская улица,Мещанский район
4354,27416,столовая при гбоу школа № 1539,нет,столовая,"город Москва, Староалексеевская улица, дом 1",200, Староалексеевская улица,Алексеевский район
4356,138014,столовая при школе № 2107,нет,буфет,"город Москва, Больничный переулок, дом 4",34, Больничный переулок,Мещанский район
4357,28628,столовая при школе №1297,нет,столовая,"город Москва, Глинистый переулок, дом 7, строение 1",140, Глинистый переулок,Мещанский район
4367,19744,столовая,нет,столовая,"город Москва, 3-я Черепковская улица, дом 15А, строение 5",244, 3-я Черепковская улица,район Кунцево
4406,23760,столовая гбоу города москвы № 587,нет,столовая,"город Москва, улица Красных Зорь, дом 61",110, улица Красных Зорь,Можайский район
4408,23738,столовая гбпоу зкно,нет,столовая,"город Москва, улица Ращупкина, дом 3",180, улица Ращупкина,Можайский район
4409,23750,столовая гбоу города москвы № 1400,нет,столовая,"город Москва, улица Кубинка, дом 20, корпус 1",200, улица Кубинка,Можайский район
4410,23728,столовая гбоу города москвы № 1400,нет,столовая,"город Москва, улица Кутузова, дом 20",120, улица Кутузова,Можайский район
4411,23638,столовая гбпоу зкно,нет,буфет,"город Москва, Гродненская улица, дом 5",150, Гродненская улица,Можайский район
4426,23749,столовая гбоу города москвы № 391,нет,буфет,"город Москва, Гжатская улица, дом 6",90, Гжатская улица,Можайский район
4429,23740,столовая гбоу города москвы № 1195,нет,буфет,"город Москва, Вяземская улица, дом 7",100, Вяземская улица,Можайский район
4435,23611,буфет - гбоу сош №6,нет,буфет,"город Москва, улица Екатерины Будановой, дом 18",60, улица Екатерины Будановой,район Кунцево
4459,20755,останкино,нет,закусочная,"город Москва, Троилинский переулок, дом 3",25, Троилинский переулок,район Арбат
4474,128035,бабель,нет,ресторан,"город Москва, 1-й Николощеповский переулок, дом 6, строение 2",140, 1-й Николощеповский переулок,район Арбат
4475,78275,ля марэ,нет,ресторан,"город Москва, Проточный переулок, дом 7",150, Проточный переулок,район Арбат
4541,23625,буфет-раздаточная № 731,нет,буфет,"город Москва, Новорублёвская улица, дом 1",80, Новорублёвская улица,Не определен
4574,29285,школа 913,нет,буфет,"город Москва, улица Степана Шутова, дом 8, корпус 3",120, улица Степана Шутова,район Люблино
4576,28931,школа № 439 ителлект,нет,столовая,"город Москва, Орехово-Зуевский проезд, дом 4",40, Орехово-Зуевский проезд,Нижегородский район
4579,28085,столовая гну виэсх,нет,столовая,"город Москва, 1-й Вешняковский проезд, дом 2, строение 1",20, 1-й Вешняковский проезд,Рязанский район
4584,27020,palacio,нет,ресторан,"город Москва, улица Паперника, дом 9",30, улица Паперника,Рязанский район
4588,28075,столовая спец.база атп-3 мосводоканал,нет,столовая,"город Москва, шоссе Фрезер, дом 32, строение 1",10, шоссе Фрезер,Нижегородский район
4596,28888,столовая уоо цсбофнпр,нет,буфет,"город Москва, Тихая улица, дом 30",120, Тихая улица,район Люблино
4633,28884,школа 335,нет,буфет,"город Москва, Спортивный проезд, дом 3А",190, Спортивный проезд,район Люблино
4650,28877,школа 338,нет,буфет,"город Москва, Мариупольская улица, дом 3",250, Мариупольская улица,район Люблино
4652,27525,гп шбс «люблино» шк. 654ст,нет,столовая,"город Москва, улица Артюхиной, дом 17",220, улица Артюхиной,район Текстильщики
4656,28920,столовая при гоу сош № 495,нет,столовая,"город Москва, Подольская улица, дом 15",160, Подольская улица,район Марьино
4660,28935,филиал шбс люблино шк. 493,нет,столовая,"город Москва, 1-й Курьяновский проезд, дом 14",224, 1-й Курьяновский проезд,район Печатники
4676,27529,коникс-школьник школа 1403,нет,столовая,"город Москва, 1-й Саратовский проезд, дом 5",89, 1-й Саратовский проезд,район Текстильщики
4700,26758,стумари,нет,кафе,"город Москва, Тессинский переулок, дом 4, строение 2",55, Тессинский переулок,Таганский район
4715,29172,пу 33,нет,столовая,"город Москва, Тетеринский переулок, дом 2А",100, Тетеринский переулок,Таганский район
4718,21177,школа 1468,нет,буфет,"город Москва, Библиотечная улица, дом 29",33, Библиотечная улица,Таганский район
4721,20999,моск. гос. авиац.-технологич. университет,нет,буфет,"город Москва, Берниковская набережная, дом 12, строение 1",32, Берниковская набережная,Таганский район
4725,28205,центральный дом адвоката,нет,столовая,"город Москва, Малый Полуярославский переулок, дом 3/5, строение 1",62, Малый Полуярославский переулок,Таганский район
4729,150839,лицей №1581,нет,столовая,"город Москва, Большой Полуярославский переулок, дом 7",55, Большой Полуярославский переулок,Таганский район
4736,150823,гбоу школа №480 им.в.в. талалихина,нет,столовая,"город Москва, Стройковская улица, дом 5",0, Стройковская улица,Таганский район
4802,21338,8-ой троллейбусный парк,нет,буфет,"город Москва, улица Инессы Арманд, дом 13",31, улица Инессы Арманд,район Ясенево
4805,29450,гоу сош № 1174,нет,столовая,"город Москва, Феодосийская улица, дом 11А",157, Феодосийская улица,район Северное Бутово
4817,97083,пекарня,нет,магазин (отдел кулинарии),"город Москва, 1-й Кирпичный переулок, дом 4, строение 2",10, 1-й Кирпичный переулок,район Соколиная Гора
4832,21936,кафе гермес,нет,кафе,"город Москва, Учинская улица, дом 10",85, Учинская улица,Дмитровский район
4839,28255,марма,нет,столовая,"город Москва, Нарвская улица, дом 2",45, Нарвская улица,район Коптево
4860,28699,столовая (гбоу «школа №1558 имени росалии де кастро»),нет,столовая,"город Москва, Чукотский проезд, дом 6",260, Чукотский проезд,Бабушкинский район
4882,27787,столовая,нет,ресторан,"город Москва, Кремлёвская набережная, дом 1, строение 2",56, Кремлёвская набережная,район Хамовники
4891,27812,столовая при мз электропривод,нет,столовая,"город Москва, улица Уткина, дом 48",20, улица Уткина,район Соколиная Гора
4894,19965,райский уголок,нет,кафе,"город Москва, Боровский проезд, дом 17А",96, Боровский проезд,район Солнцево
4895,19746,вэрон,нет,столовая,"город Москва, улица Академика Павлова, дом 25",80, улица Академика Павлова,район Кунцево
4896,27926,столовая,нет,столовая,"город Москва, проезд Черепановых, дом 6, строение 1",50, проезд Черепановых,район Коптево
4924,22345,bodrum,нет,кафе,"город Москва, улица Новая Дорога, дом 11, строение 6",60, улица Новая Дорога,Басманный район
4940,21728,кофе он,нет,кафе,"город Москва, 3-й Кадашёвский переулок, дом 2",72, 3-й Кадашёвский переулок,район Якиманка
4947,27989,столовая,нет,столовая,"город Москва, Чермянская улица, дом 2, строение 2",200, Чермянская улица,район Северное Медведково
5102,27944,столовая центра «зубаревский»,нет,столовая,"город Москва, Зубарев переулок, дом 15, корпус 1",47, Зубарев переулок,Алексеевский район
5109,20283,world class кафе,нет,бар,"город Москва, 12-й проезд Марьиной Рощи, владение 9, строение 2",9, 12-й проезд Марьиной Рощи,район Марьина Роща
5118,152993,хаят,нет,кафе,"город Москва, Выползов переулок, дом 7, строение 2",68, Выползов переулок,Мещанский район
5122,27957,рус сервис,нет,столовая,"город Москва, Анненский проезд, дом 1, строение 1",40, Анненский проезд,район Марьина Роща
5130,27821,столовая,нет,столовая,"город Москва, Анненская улица, дом 25, строение 1",32, Анненская улица,район Марьина Роща
5160,26188,антик,нет,ресторан,"город Москва, Чермянский проезд, дом 5, строение 26",70, Чермянский проезд,район Северное Медведково
5167,28740,столовая-доготовочная при школе № 1956,нет,столовая,"город Москва, Старомарьинское шоссе, дом 5",250, Старомарьинское шоссе,район Марьина Роща
5177,28282,столовая завода стройпрогресс,нет,столовая,"город Москва, Калибровская улица, дом 31, строение 1",45, Калибровская улица,Останкинский район
5178,28468,столовая вниси,нет,столовая,"город Москва, 1-й Рижский переулок, дом 6, строение 1",112, 1-й Рижский переулок,Алексеевский район
5222,28285,кафе,нет,кафе,"город Москва, Хованская улица, владение 20",40, Хованская улица,Останкинский район
5276,23071,кафе пармежано,нет,кафе,"город Москва, Отрадный проезд, дом 2Б",60, Отрадный проезд,район Отрадное
5280,27462,столовая-доготовочная при школе 1137,нет,столовая,"город Москва, Лосевская улица, дом 9",250, Лосевская улица,Ярославский район
5289,144426,гбоу школа № 1499,нет,столовая,"город Москва, Ростокинская улица, дом 3",330, Ростокинская улица,район Ростокино
5291,27977,столовая,нет,столовая,"город Москва, 1-й Сельскохозяйственный проезд, дом 2",46, 1-й Сельскохозяйственный проезд,район Ростокино
5299,25564,кафе-бар курага,нет,кафе,"город Москва, Юрловский проезд, дом 17, строение 1",229, Юрловский проезд,район Отрадное
5301,21527,буфет при гуп «объединенный комбинат школьно питания»,нет,столовая,"город Москва, 1-й Ботанический проезд, дом 2",40, 1-й Ботанический проезд,район Свиблово
5373,125151,ук стратегия управления,нет,кафе,"город Москва, 17-й проезд Марьиной Рощи, дом 4",94, 17-й проезд Марьиной Рощи,район Марьина Роща
5445,28292,столовая,нет,столовая,"город Москва, Уржумская улица, дом 4, строение 14",124, Уржумская улица,район Свиблово
5446,68374,юлдес-тур,нет,столовая,"город Москва, 2-я Ямская улица, дом 4",32, 2-я Ямская улица,район Марьина Роща
5452,81534,кафе рача,нет,кафе,"город Москва, улица Константинова, дом 11А",40, улица Константинова,Алексеевский район
5468,140894,океан,нет,кафе,"город Москва, Черницынский проезд, дом 3, строение 11",64, Черницынский проезд,район Гольяново
5491,27581,при школе 1452,нет,столовая,"город Москва, 1-я Гражданская улица, дом 96",160, 1-я Гражданская улица,район Богородское
5522,27998,столовая,нет,столовая,"город Москва, 2-й Иртышский проезд, дом 6, строение 1",64, 2-й Иртышский проезд,район Гольяново
5533,22222,столовая,нет,кафе,"город Москва, 1-я Пугачёвская улица, дом 25, строение 1",32, 1-я Пугачёвская улица,район Преображенское
5540,150766,шумкина 26,нет,кафе,"город Москва, улица Шумкина, дом 26А, строение 4",45, улица Шумкина,район Сокольники
5544,143095,кайф кормить,нет,столовая,"город Москва, улица Богородский Вал, дом 3, строение 28",30, улица Богородский Вал,район Богородское
5551,149685,ереван,нет,ресторан,"город Москва, Оренбургская улица, дом 32, строение 5",45, Оренбургская улица,район Косино-Ухтомский
5563,28795,столовая «ооо вито-1»,нет,столовая,"город Москва, улица Медведева, дом 6",120, улица Медведева,район Косино-Ухтомский
5583,28579,столовая шк.364,нет,столовая,"город Москва, Старослободская улица, дом 8",200, Старослободская улица,район Сокольники
5592,21361,буфет-раздаточная,нет,буфет,"город Москва, Гаражная улица, дом 4",28, Гаражная улица,район Соколиная Гора
5612,20721,кафе -бар,нет,буфет,"город Москва, улица 9 Мая, дом 8",6, улица 9 Мая,Не определен
5667,27715,столовая,нет,столовая,"город Москва, Барабанный переулок, дом 3",60, Барабанный переулок,район Соколиная Гора
5708,71547,березки,нет,кафе,"город Москва, Курганская улица, дом 4А",90, Курганская улица,район Гольяново
5712,23272,кафе «черный кот»,нет,кафе,"город Москва, Нижний Журавлёв переулок, дом 3",20, Нижний Журавлёв переулок,район Соколиная Гора
5716,144462,кафе при азс газпромнефть №134,нет,буфет,"город Москва, Русаковская набережная, дом 7",18, Русаковская набережная,район Сокольники
5725,27523,ноу «мини-школа»,нет,буфет,"город Москва, Кузьминская улица, дом 10, строение 2",50, Кузьминская улица,район Кузьминки
5731,28332,столовая при оао док-3,нет,столовая,"город Москва, 1-я Карачаровская улица, дом 8, строение 1",31, 1-я Карачаровская улица,Нижегородский район
5734,29265,столовая гоу 1083,нет,столовая,"город Москва, Хвалынский бульвар, дом 4, корпус 4",200, Хвалынский бульвар,район Выхино-Жулебино
5772,28344,пролетарец,нет,столовая,"город Москва, Новоостаповская улица, дом 12, строение 2",48, Новоостаповская улица,Южнопортовый район
5826,28490,столовая фгпу усст 2,нет,столовая,"город Москва, 2-й Курьяновский проезд, дом 2",32, 2-й Курьяновский проезд,район Печатники
5828,23421,харт-трейдинг лтд,нет,буфет,"город Москва, Егорьевский проезд, дом 2, строение 5",30, Егорьевский проезд,район Люблино
5842,28040,ниипм,нет,столовая,"город Москва, Перовский проезд, дом 35, строение 8",140, Перовский проезд,район Лефортово
5848,28077,столовая,нет,столовая,"город Москва, Автомобильный проезд, дом 6, строение 2",48, Автомобильный проезд,Нижегородский район
5853,23460,кафе-бистро,нет,кафе,"город Москва, Басовская улица, дом 16, строение 1",24, Басовская улица,Нижегородский район
5857,28033,мниипа,нет,столовая,"город Москва, Красноказарменный проезд, дом 14А, корпус 19",180, Красноказарменный проезд,район Лефортово
5901,29571,всеросийская государственная налоговая академия,нет,столовая,"город Москва, 4-й Вешняковский проезд, дом 4, строение 1",80, 4-й Вешняковский проезд,Рязанский район
5902,140772,зарайский дворик,нет,кафе,"город Москва, Зарайская улица, дом 33, корпус 2",44, Зарайская улица,Рязанский район
5907,28049,бризоль-м,нет,столовая,"город Москва, 4-я Кабельная улица, дом 2А, строение 1",180, 4-я Кабельная улица,район Лефортово
5908,28327,саят нова,нет,ресторан,"город Москва, улица Капотня, дом 34",220, улица Капотня,район Капотня
5910,28867,школа 775,нет,буфет,"город Москва, Армавирская улица, дом 4",210, Армавирская улица,район Люблино
5935,26571,а ля фуршет,нет,ресторан,"город Москва, Сормовский проезд, дом 11, строение 8",60, Сормовский проезд,район Выхино-Жулебино
5943,29281,гбоу «многофункциональный образовательный комплекс «кузьминки»,нет,столовая,"город Москва, Есенинский бульвар, дом 14, корпус 2",130, Есенинский бульвар,район Кузьминки
5952,23376,караван прожект,нет,ресторан,"город Москва, 2-й Кабельный проезд, дом 1",91, 2-й Кабельный проезд,район Лефортово
5964,29301,школа 509,нет,столовая,"город Москва, 6-я Кожуховская улица, дом 8",215, 6-я Кожуховская улица,Южнопортовый район
5966,67817,кафе-бар «жулебино»,нет,кафе,"город Москва, Тарханская улица, дом 2",50, Тарханская улица,район Выхино-Жулебино
5989,29407,школа 469,нет,столовая,"город Москва, улица Крутицкий Вал, дом 5",240, улица Крутицкий Вал,Южнопортовый район
6030,29365,школа № 1279,нет,столовая,"город Москва, Сивашская улица, дом 2, корпус 1",70, Сивашская улица,Не определен
6168,24627,кантина кафе офис клуб,нет,кафе,"город Москва, Научный проезд, дом 19",200, Научный проезд,район Черёмушки
6212,29088,школьно-базовая столовая,нет,столовая,"город Москва, 3-я Железногорская улица, дом 11А",100, 3-я Железногорская улица,район Южное Бутово
6239,98910,subway,да,предприятие быстрого обслуживания,"город Москва, Новобутовский проезд, владение 9, строение 1",12, Новобутовский проезд,район Южное Бутово
6240,29092,школьно-базовая столовая,нет,столовая,"город Москва, улица Академика Понтрягина, дом 17, корпус 1",110, улица Академика Понтрягина,район Южное Бутово
6246,29100,школьно-базовая столовая,нет,столовая,"город Москва, улица Брусилова, дом 29, корпус 1",260, улица Брусилова,район Южное Бутово
6276,23962,соль и мясо,нет,кафе,"город Москва, Синельниковская улица, дом 47",50, Синельниковская улица,район Южное Бутово
6279,29382,ст.шк.20 «школьник-юз»,нет,столовая,"город Москва, улица Академика Арцимовича, дом 7",240, улица Академика Арцимовича,район Коньково
6290,28528,столовая при ну акушерства и гинекологии,нет,столовая,"город Москва, улица Академика Опарина, дом 4",80, улица Академика Опарина,Не определен
6394,23420,столовая,нет,столовая,"город Москва, Большая Внуковская улица, дом 2А, строение 9",46, Большая Внуковская улица,Не определен
6599,69531,ансар,нет,кафе,"город Москва, улица Клочкова, дом 10",25, улица Клочкова,район Фили-Давыдково
6736,23721,столовая гбпоу «мгтк имени л.а.филатова»,нет,столовая,"город Москва, Волоцкой переулок, дом 15, корпус 2",250, Волоцкой переулок,район Митино
6750,23339,столовая гбоу сош № 1544,нет,столовая,"город Москва, Пенягинская улица, дом 14",240, Пенягинская улица,район Митино
6779,27838,столовая при институте,нет,столовая,"город Москва, улица Рогова, дом 5А",63, улица Рогова,район Щукино
6786,22266,кафе,нет,кафе,"город Москва, улица Саляма Адиля, дом 9, корпус 3",15, улица Саляма Адиля,район Хорошёво-Мнёвники
6788,28178,столовая,нет,столовая,"город Москва, улица Шеногина, дом 2",60, улица Шеногина,район Хорошёво-Мнёвники
6792,23706,столовая гбоу школа № 1985,нет,столовая,"город Москва, Ландышевая улица, дом 8",192, Ландышевая улица,район Куркино
6794,23718,столовая гбоу сош № 1564,нет,столовая,"город Москва, улица Рословка, дом 8",240, улица Рословка,район Митино
6829,144812,кафе на азс,нет,закусочная,"город Москва, улица Зенитчиков, дом 7",2, улица Зенитчиков,район Митино
6865,76469,кафе «таба та»,нет,кафе,"город Москва, Сосновая аллея, дом 1, строение 1",15, Сосновая аллея,район Покровское-Стрешнево
6870,22255,зодиак,да,бар,"город Москва, Неманский проезд, дом 1",48, Неманский проезд,район Строгино
7010,82615,столовая школы № 1847,нет,столовая,"город Москва, Малый Коптевский проезд, дом 3",35, Малый Коптевский проезд,район Аэропорт
7048,21416,столовая школы №152,нет,столовая,"город Москва, 1-я Аэропортовская улица, дом 1, строение 3",120, 1-я Аэропортовская улица,район Аэропорт
7074,25473,зао смк северная звезда,нет,кафе,"город Москва, Песчаная улица, дом 2А, строение 4",36, Песчаная улица,район Сокол
7097,157798,мастер гурмэ,нет,кафе,"город Москва, Театральная аллея, дом 3, строение 1",70, Театральная аллея,район Аэропорт
7126,146421,рамн,нет,кафе,"город Москва, Балтийская улица, дом 10, корпус 2",26, Балтийская улица,район Аэропорт
7182,58526,бригантина,нет,кафе,"город Москва, Коптевский бульвар, дом 18А, строение 1",40, Коптевский бульвар,район Коптево
7235,28493,ф-ка госзнак,нет,столовая,"город Москва, улица Павла Андреева, дом 27, строение 2",80, улица Павла Андреева,Даниловский район
7271,28965,загорье шк. 902,нет,столовая,"город Москва, Педагогическая улица, дом 3",240, Педагогическая улица,район Бирюлёво Восточное
7289,125092,столовая,нет,столовая,"город Москва, 2-й Рощинский проезд, дом 8",8, 2-й Рощинский проезд,Донской район
7324,145553,столовая,нет,столовая,"город Москва, Городская улица, дом 8",80, Городская улица,Даниловский район
7354,28584,столовая «школа 982 кдп»,нет,столовая,"город Москва, улица Кошкина, дом 13, корпус 2",300, улица Кошкина,район Москворечье-Сабурово
7379,21013,соц-психологическ. институт «коп зил»,нет,буфет,"город Москва, 4-й Рощинский проезд, дом 11",16, 4-й Рощинский проезд,Даниловский район
7743,29594,школа 567 кшп «загорье»,нет,столовая,"город Москва, Черноморский бульвар, дом 8",240, Черноморский бульвар,Не определен
7746,127731,столовая,нет,столовая,"город Москва, 3-й Павловский переулок, дом 2",100, 3-й Павловский переулок,Даниловский район
7778,29834,пу 53,нет,столовая,"город Москва, улица Лефортовский Вал, дом 26",120, улица Лефортовский Вал,район Лефортово
7782,23416,геронтологический центр переделкино,нет,столовая,"город Москва, 7-я улица Лазенки, дом 12, строение 2",200, 7-я улица Лазенки,район Ново-Переделкино
7783,23762,столовая,нет,столовая,"город Москва, Интернациональная улица, дом 10",200, Интернациональная улица,район Внуково
7784,23419,ксц «переделкино»,нет,столовая,"город Москва, 6-я улица Лазенки, дом 2, строение 2",232, 6-я улица Лазенки,район Ново-Переделкино
7794,20122,сабрина,нет,кафе,"город Москва, Аэрофлотская улица, владение 2Б",24, Аэрофлотская улица,Не определен
7834,24996,кафе-кальянная «мамуния»,нет,кафе,"город Москва, Лыщиков переулок, дом 5, строение 1",55, Лыщиков переулок,Таганский район
7869,25945,ноев ковчег,нет,ресторан,"город Москва, Малый Ивановский переулок, дом 4, строение 1",100, Малый Ивановский переулок,Не определен
7872,158158,кафе гор,нет,кафе,"город Москва, Сибирский проезд, дом 2, корпус 27, строение 1",40, Сибирский проезд,Таганский район
7928,121039,пельменьи,нет,кафе,"город Москва, улица Фадеева, дом 5, строение 1",30, улица Фадеева,Тверской район
7935,29159,столовая шк 498,нет,столовая,"город Москва, 2-я Дубровская улица, дом 3",80, 2-я Дубровская улица,Таганский район
7939,146400,шелби,нет,кафе,"город Москва, 1-й Голутвинский переулок, дом 6",22, 1-й Голутвинский переулок,район Якиманка
7943,22574,теремок,да,предприятие быстрого обслуживания,"город Москва, Гжельский переулок, дом 19, строение 2",39, Гжельский переулок,Таганский район
7945,24969,секретное место,нет,кафе,"город Москва, Калошин переулок, дом 4, строение 1",39, Калошин переулок,район Арбат
7952,152169,гбоу многопрофильный лицей №1501,нет,столовая,"город Москва, Тихвинский переулок, дом 3",140, Тихвинский переулок,Тверской район
8016,26060,артс палас,нет,ресторан,"город Москва, Успенский переулок, дом 3, строение 4",98, Успенский переулок,Тверской район
8025,28195,бизнес центр таганский,нет,кафе,"город Москва, улица Высоцкого, дом 4",80, улица Высоцкого,Таганский район
8041,29140,школа №136,нет,столовая,"город Москва, переулок Красина, дом 16, строение 10",120, переулок Красина,Пресненский район
8085,27181,кантинетта антинори,нет,ресторан,"город Москва, Денежный переулок, дом 20",80, Денежный переулок,район Хамовники
8120,152188,гбоу лицей 1574,нет,столовая,"город Москва, 1-я Миусская улица, дом 4",120, 1-я Миусская улица,Тверской район
8134,29154,столовая шк 480,нет,столовая,"город Москва, Средняя Калитниковская улица, дом 22, строение 3",88, Средняя Калитниковская улица,Таганский район
8143,152084,15 kitchen+bar,нет,ресторан,"город Москва, Пожарский переулок, дом 15",30, Пожарский переулок,район Хамовники
8147,22406,дорогая я перезвоню,да,бар,"город Москва, Большой Строченовский переулок, дом 7",90, Большой Строченовский переулок,район Замоскворечье
8168,27344,школа 1247,нет,столовая,"город Москва, Госпитальный переулок, дом 3",35, Госпитальный переулок,Басманный район
8199,141251,крейзи дейзи,нет,бар,"город Москва, Тургеневская площадь, дом 2",45, Тургеневская площадь,Красносельский район
8229,27631,школа 1621,нет,столовая,"город Москва, Малый Казённый переулок, дом 3",100, Малый Казённый переулок,Басманный район
8239,24324,академия,да,кафе,"город Москва, Бутиковский переулок, дом 7",35, Бутиковский переулок,район Хамовники
8316,143431,ribambelle,нет,ресторан,"город Москва, Ботанический переулок, дом 5",80, Ботанический переулок,Мещанский район
8342,152201,столовая при гбоу школа 1231,нет,столовая,"город Москва, 7-й Ростовский переулок, дом 16",40, 7-й Ростовский переулок,район Хамовники
8343,153387,столовая при гбоу школа 1253,нет,столовая,"город Москва, Пуговишников переулок, дом 7",70, Пуговишников переулок,район Хамовники
8360,29149,школа №83,нет,столовая,"город Москва, Стрельбищенский переулок, дом 14",100, Стрельбищенский переулок,Пресненский район
8376,27788,лса,нет,столовая,"город Москва, Большой Знаменский переулок, дом 2, строение 26",24, Большой Знаменский переулок,район Хамовники
8402,29158,столовая шк 1468,нет,столовая,"город Москва, Брошевский переулок, дом 21",75, Брошевский переулок,Таганский район
8445,25017,венская кофейня-кофе шоп,нет,кафе,"город Москва, Известковый переулок, дом 1",65, Известковый переулок,Таганский район
8449,21410,буфет школы 1305,нет,буфет,"город Москва, 2-й Красносельский переулок, дом 18",130, 2-й Красносельский переулок,Красносельский район
8777,150900,школа,нет,столовая,"город Москва, Новопресненский переулок, дом 6",30, Новопресненский переулок,Пресненский район
8789,158540,кафетерий на заправке,нет,кафетерий,"город Москва, улица Сайкина, дом 2",6, улица Сайкина,Даниловский район
8800,158330,crystal,нет,ресторан,"город Москва, Шубинский переулок, дом 2/3",49, Шубинский переулок,район Арбат
8893,148031,бургер кинг,да,предприятие быстрого обслуживания,"город Московский, улица Хабарова, дом 2",0, улица Хабарова,Не определен
8942,159001,чуковский,нет,кафе,"город Москва, 6-я улица Новые Сады, дом 2",32, 6-я улица Новые Сады,район Ново-Переделкино
8957,150886,школа,нет,столовая,"город Москва, Причальный проезд, дом 7, строение 1",60, Причальный проезд,Пресненский район
9010,161067,перелетный кабак,нет,кафе,"город Москва, Мансуровский переулок, дом 10, строение 2",40, Мансуровский переулок,район Хамовники
9014,161609,кафе «волконский»,нет,кафе,"город Москва, переулок Маяковского, дом 3",2, переулок Маяковского,Таганский район
9053,160305,арт кафе «new place moscow»,нет,кафе,"город Москва, площадь Журавлёва, дом 2, строение 2",120, площадь Журавлёва,район Соколиная Гора
9086,160171,charlie moscow,нет,бар,"город Москва, Садовая-Сухаревская улица, дом 6, строение 1",100, Садовая-Сухаревская улица,Мещанский район
9133,161334,хач хач хачапури ловкач,нет,предприятие быстрого обслуживания,"город Москва, 1-я Чоботовская аллея, дом 6-Б",5, 1-я Чоботовская аллея,район Ново-Переделкино
9215,162646,кафе «мастер ланч»,нет,кафетерий,"город Троицк, 42-й километр Калужского шоссе, дом 8",23, 42-й километр Калужского шоссе,Не определен
9243,162723,kfc,да,предприятие быстрого обслуживания,"город Москва, Каскадная улица, домовладение 21, строение 1",20, Каскадная улица,район Косино-Ухтомский
9294,166935,столешников,нет,кафе,"город Москва, Дмитровский переулок, дом 3, строение 4",46, Дмитровский переулок,Тверской район
9335,167318,буфет,нет,буфет,"город Москва, Прохладная улица, дом 28",0, Прохладная улица,район Бирюлёво Восточное
9366,167179,закусочная «донеретто»,нет,закусочная,"город Москва, Михневский проезд, дом 4, корпус 1",0, Михневский проезд,район Бирюлёво Восточное
9410,167786,tasty joys,нет,кафе,"город Москва, Пестовский переулок, дом 3, строение 1",22, Пестовский переулок,Таганский район
9428,168147,ларам,нет,ресторан,"город Москва, улица Дубки, дом 6",35, улица Дубки,Не определен
9440,168345,five,нет,кафе,"город Москва, Якиманский переулок, дом 6, строение 1",46, Якиманский переулок,район Якиманка
9674,168768,кафе r.f.lounge,нет,кафе,"город Москва, Красногвардейский бульвар, дом 3, строение 1",36, Красногвардейский бульвар,Пресненский район
9686,168979,скалка,нет,предприятие быстрого обслуживания,"город Москва, Большой Николопесковский переулок, дом 5",16, Большой Николопесковский переулок,район Арбат
9748,169745,буфет,нет,буфет,"город Москва, Пяловская улица, дом 7, строение 3",12, Пяловская улица,район Западное Дегунино
9790,169978,миа пицца,нет,кафе,"город Москва, улица Полины Осипенко, дом 10, корпус 1",10, улица Полины Осипенко,Хорошёвский район
9815,170232,little garden kitchen&bar,нет,ресторан,"город Москва, Большой Кисельный переулок, дом 17/15, строение 1",70, Большой Кисельный переулок,Мещанский район
9843,170371,ип«осипова е.е»,нет,предприятие быстрого обслуживания,"город Москва, Зюзинская улица, дом 3",0, Зюзинская улица,район Черёмушки
9915,170767,"ели, пили",нет,столовая,"город Москва, Малый Толмачёвский переулок, дом 8/11, строение 3",40, Малый Толмачёвский переулок,район Якиманка
9927,170938,бдд паб,нет,бар,"город Москва, улица Знаменские Садки, дом 1А",50, улица Знаменские Садки,район Северное Бутово
9992,171471,телебистро,нет,кафе,"город Москва, Никитский переулок, дом 7, строение 2",32, Никитский переулок,Тверской район
10009,171644,буфет театра «et cetera»,нет,буфет,"город Москва, Фролов переулок, дом 2",20, Фролов переулок,Красносельский район
10054,172152,столовая,нет,столовая,"город Москва, 5-й Монетчиковский переулок, дом 7",176, 5-й Монетчиковский переулок,район Замоскворечье
10142,172679,мята,нет,кафе,"город Москва, Ялтинская улица, дом 2",26, Ялтинская улица,Не определен
10226,185632,котлет нет,нет,закусочная,"город Москва, Боровая улица, дом 10, корпус 2",10, Боровая улица,район Лефортово
10241,188085,gournest гнездо гурмана,нет,ресторан,"город Москва, Бродников переулок, дом 10, корпус 2",40, Бродников переулок,район Якиманка
10259,179098,выпечка,нет,магазин (отдел кулинарии),"город Москва, 4-я Гражданская улица, дом 43, корпус 2",0, 4-я Гражданская улица,район Богородское
10290,179285,шаурма,нет,предприятие быстрого обслуживания,"город Москва, Жигулёвская улица, дом 5, корпус 3",0, Жигулёвская улица,район Кузьминки
10306,183836,детское кафе «ежеминутка»,нет,кафе,"город Москва, улица Анатолия Живова, дом 10",40, улица Анатолия Живова,Пресненский район
10321,189611,"выпечка,шаурма",нет,предприятие быстрого обслуживания,"город Москва, улица Академика Комарова, дом 5А",0, улица Академика Комарова,район Марфино
10370,184359,донер кебаб,нет,предприятие быстрого обслуживания,"город Москва, улица Медиков, дом 16",0, улица Медиков,район Царицыно
10389,179443,бар крафт тайм,нет,бар,"город Москва, Молодёжная улица, дом 4",16, Молодёжная улица,Гагаринский район
10425,190027,раиса захарна,нет,кафе,"город Москва, улица Можайский Вал, дом 6",26, улица Можайский Вал,район Дорогомилово
10467,174488,предприятие быстрого обслуживания «шаурма»,нет,предприятие быстрого обслуживания,"город Москва, Сумская улица, дом 2/12",0, Сумская улица,район Чертаново Северное
10481,174448,time club убежище,нет,кафе,"город Москва, Архангельский переулок, дом 7, строение 1",70, Архангельский переулок,Басманный район
10568,184803,пиццбургеr №1,нет,кафе,"город Москва, улица Пржевальского, дом 2",12, улица Пржевальского,Не определен
10570,189486,шантимель,да,кафе,"город Москва, улица Раевского, дом 3",14, улица Раевского,район Дорогомилово
10599,183874,японоитальяна,нет,закусочная,"город Москва, улица Недорубова, дом 5",4, улица Недорубова,район Некрасовка
10634,185464,так сказала моя мама,нет,кафе,"город Москва, Большой Симоновский переулок, дом 2",16, Большой Симоновский переулок,Таганский район
10682,179279,пивзавод77,нет,бар,"город Москва, Спартаковский переулок, дом 2, строение 1",128, Спартаковский переулок,Красносельский район
10706,183355,кальян бар «garage lounge»,нет,кафе,"город Москва, Малый Златоустинский переулок, дом 3, строение 3",10, Малый Златоустинский переулок,Басманный район
10788,175527,столовая,нет,столовая,"город Москва, 2-й Балтийский переулок, дом 3",20, 2-й Балтийский переулок,район Аэропорт
10803,189840,кафе «emivi»,нет,кафе,"город Москва, Малый Конюшковский переулок, дом 2",46, Малый Конюшковский переулок,Пресненский район
10826,28845,столовая школы 688,нет,столовая,"город Москва, 8-я улица Соколиной Горы, дом 5А",96, 8-я улица Соколиной Горы,район Соколиная Гора
10857,177672,white eagles pub,нет,бар,"город Москва, Козицкий переулок, дом 1А, строение 2",90, Козицкий переулок,Тверской район
10869,185403,хорошая столовая,нет,столовая,"город Москва, проезд Добролюбова, дом 3, строение 3",40, проезд Добролюбова,Бутырский район
10978,188968,«гбоу «школа с углубленным изучением английского языка» №1208»,нет,столовая,"город Москва, улица Шумилова, дом 9",160, улица Шумилова,район Кузьминки
11043,176042,столовая,нет,столовая,"город Москва, Газгольдерная улица, дом 6",20, Газгольдерная улица,Нижегородский район
11067,21116,пропиком,нет,буфет,"город Москва, 8-й проезд Марьиной Рощи, дом 30, строение 1",32, 8-й проезд Марьиной Рощи,район Марьина Роща
11111,174933,шаурма,нет,предприятие быстрого обслуживания,"город Москва, проезд Нансена, владение 3Б",0, проезд Нансена,район Свиблово
11123,183018,кафе свежъ,нет,кафе,"город Москва, Нововладыкинский проезд, дом 8, строение 5",96, Нововладыкинский проезд,район Отрадное
11128,28737,столовая-доготовочная при школе 1414,нет,столовая,"город Москва, улица Советской Армии, дом 9",184, улица Советской Армии,район Марьина Роща
11131,28743,волна бизнеса,нет,буфет,"город Москва, 5-й проезд Марьиной Рощи, дом 15А, строение 1",98, 5-й проезд Марьиной Рощи,район Марьина Роща
11230,28300,з-д «компрессор»,нет,столовая,"город Москва, 2-я улица Энтузиастов, дом 5",110, 2-я улица Энтузиастов,район Перово
11671,182680,кафе,нет,кафе,"город Москва, Садовнический проезд, дом 6",20, Садовнический проезд,район Замоскворечье
11679,174168,столовая,нет,столовая,"город Москва, Малая Андроньевская улица, дом 20/8, строение 1-1А",86, Малая Андроньевская улица,Таганский район
11890,187742,хлеб насущный,да,кафе,"город Москва, улица Авиаконструктора Микояна, дом 12",30, улица Авиаконструктора Микояна,Хорошёвский район
11915,182311,папа джонс,да,кафе,"город Москва, Северодвинская улица, дом 20",20, Северодвинская улица,район Северное Медведково
11943,172930,домино'с пицца,да,предприятие быстрого обслуживания,"город Москва, 4-й Кожевнический переулок, дом 4",16, 4-й Кожевнический переулок,Даниловский район
12016,183526,кафе при азс лукойл,да,кафе,"город Москва, Малая Тульская улица, дом 57",17, Малая Тульская улица,Донской район
12154,192763,кафе «фейна»,нет,кафе,"город Москва, Мерзляковский переулок, дом 15",15, Мерзляковский переулок,Пресненский район
12159,190918,кафе «кафейня»,нет,кафе,"город Москва, Электрический переулок, дом 8, строение 2",20, Электрический переулок,Пресненский район
12182,192097,ветерок,нет,кафе,"город Москва, улица Старые Кузьминки, дом 10",40, улица Старые Кузьминки,район Кузьминки
12210,26414,ресторан «архитектор»,нет,кафе,"город Москва, Гранатный переулок, дом 7, строение 1",100, Гранатный переулок,Пресненский район
12275,194986,plan b,нет,закусочная,"город Москва, улица Атарбекова, дом 4А",8, улица Атарбекова,район Преображенское
12299,201930,пиво бар,нет,бар,"город Москва, проезд Донелайтиса, дом 30",0, проезд Донелайтиса,район Южное Тушино
12345,198917,грузинская пекарня,нет,магазин (отдел кулинарии),"город Москва, улица Маршала Мерецкова, дом 4",2, улица Маршала Мерецкова,район Щукино
12363,197775,зеленый змий,нет,буфет,"город Москва, 2-я Прядильная улица, дом 4",4, 2-я Прядильная улица,район Измайлово
12465,201978,сушиguru,нет,кафе,"город Москва, Челюскинская улица, дом 13",6, Челюскинская улица,Лосиноостровский район
12476,200619,бон кафе,нет,магазин (отдел кулинарии),"город Москва, улица Захарьинские Дворики, дом 1, корпус 1",0, улица Захарьинские Дворики,район Южное Бутово
12490,201200,гюмри,нет,кафе,"город Москва, Базовая улица, дом 2, корпус 1",60, Базовая улица,район Внуково
12492,203587,ivas lounge,нет,бар,"город Москва, Симферопольский проезд, дом 18",20, Симферопольский проезд,Нагорный район
12538,193116,ресторан «bbcafe»,нет,ресторан,"город Москва, Скатертный переулок, дом 13",75, Скатертный переулок,Пресненский район
12600,27567,столовая,нет,столовая,"город Москва, 3-й Лихачёвский переулок, дом 2А",190, 3-й Лихачёвский переулок,Головинский район
12700,194758,бильярдный клуб «дуплет»,нет,кафе,"город Москва, улица Кухмистерова, дом 20, корпус 2",40, улица Кухмистерова,район Печатники
12730,198119,лесной уют,нет,кафе,"город Москва, Народный проспект, дом 17, строение 24",30, Народный проспект,Не определен
12845,200126,дядя ваня,нет,кафе,"город Москва, проспект 40 лет Октября, дом 7, строение 2",48, проспект 40 лет Октября,район Люблино
12907,195686,стильавто,нет,кафе,"город Москва, улица Айвазовского, владение 7, строение 1",33, улица Айвазовского,район Ясенево
12918,195570,кунак,нет,кафе,"город Москва, Тарусская улица, дом 10",50, Тарусская улица,район Ясенево
12962,201719,самарканд,нет,кафе,"город Москва, Производственная улица, дом 1, корпус 1, строение 1",15, Производственная улица,район Солнцево
12982,200506,вкус востока,нет,кафе,"город Москва, улица Максимова, дом 18",40, улица Максимова,район Щукино
12988,201607,легенда самарканда,нет,кафе,"город Москва, Парусный проезд, дом 5, строение 1",48, Парусный проезд,район Южное Тушино
13012,199505,кофе и ко,нет,ресторан,"город Москва, Мишина улица, дом 35",8, Мишина улица,Савёловский район
13037,193142,бургеры,нет,кафе,"город Москва, Ижорский проезд, дом 17",16, Ижорский проезд,Дмитровский район
13108,200373,кафе при азс нефтьмагистраль,нет,кафе,"город Москва, Канатчиковский проезд, владение 5",6, Канатчиковский проезд,Донской район
13112,197252,кафе,нет,кафе,"город Москва, 1-й Кожевнический переулок, дом 6, строение 1",85, 1-й Кожевнический переулок,Даниловский район
13273,203786,столовая гбоу школа № 1387,нет,столовая,"город Москва, Машкинское шоссе, дом 7",192, Машкинское шоссе,район Куркино
13297,201340,амстердам чипс компани,нет,кафе,"город Москва, Тестовская улица, дом 1",16, Тестовская улица,Пресненский район
13377,200852,чешская пивная пилзнер,да,ресторан,"город Москва, Малый Путинковский переулок, дом 1/2, строение 1",80, Малый Путинковский переулок,Тверской район
13546,220355,пекарня папан,нет,кафе,"город Москва, 2-я Квесисская улица, дом 23",20, 2-я Квесисская улица,Савёловский район
13576,214899,чайхона vizir,нет,кафе,"город Москва, 2-я улица Марьиной Рощи, дом 22",45, 2-я улица Марьиной Рощи,район Марьина Роща
13594,207407,жингялов хац гирос бургер,нет,кафе,"город Москва, 2-й Новоподмосковный переулок, дом 8",6, 2-й Новоподмосковный переулок,Войковский район
13618,209546,kaufman кафе,нет,кафе,"город Москва, Посланников переулок, дом 9, строение 5",30, Посланников переулок,Басманный район
13627,206740,кулинариум,нет,магазин (отдел кулинарии),"город Москва, Рижский проезд, дом 7",0, Рижский проезд,Алексеевский район
13664,223192,кафе «скалка»,нет,кафе,"город Москва, 2-я Филёвская улица, дом 13",18, 2-я Филёвская улица,район Филёвский Парк
13747,213415,тандыр,нет,магазин (отдел кулинарии),"город Москва, улица Льва Яшина, дом 5, корпус 1",0, улица Льва Яшина,район Некрасовка
13775,149462,корнер,нет,кафе,"город Москва, Композиторская улица, дом 17",25, Композиторская улица,район Арбат
13852,223395,кафе-пекарня арчибальд,нет,кафе,"город Москва, Яхромская улица, дом 3",16, Яхромская улица,Дмитровский район
13861,213352,lao lee,нет,кафе,"город Москва, Миусская площадь, дом 9, строение 8",149, Миусская площадь,Тверской район
13866,211492,наливки,нет,кафе,"город Москва, 1-й Спасоналивковский переулок, дом 8, строение 2",14, 1-й Спасоналивковский переулок,район Якиманка
13902,210161,cedro,нет,ресторан,"город Москва, 4-й Вятский переулок, дом 10",60, 4-й Вятский переулок,Савёловский район
13903,214005,добрые люди,нет,кафе,"город Москва, Софийская набережная, дом 30, строение 1",4, Софийская набережная,Не определен
13918,205867,крафт 1.8,нет,кафе,"город Москва, Винницкая улица, дом 1",30, Винницкая улица,район Раменки
13939,222361,шаурма,нет,закусочная,"город Москва, проезд Якушкина, дом 7",0, проезд Якушкина,район Отрадное
13955,214778,кафе «багратион»,нет,кафе,"город Москва, Сеченовский переулок, дом 7А",38, Сеченовский переулок,район Хамовники
14060,207516,кафе-пекарня,нет,закусочная,"город Москва, Староникольская улица, дом 14А",10, Староникольская улица,район Южное Бутово
14114,213535,шаверма,нет,предприятие быстрого обслуживания,"город Москва, 1-й Силикатный проезд, дом 13",0, 1-й Силикатный проезд,район Хорошёво-Мнёвники
14227,208805,кафе,нет,кафе,"город Москва, 3-й Угрешский проезд, дом 8, строение 2",15, 3-й Угрешский проезд,район Печатники
14440,211368,пацио пицца,нет,кафе,"город Москва, улица Линии Октябрьской Железной Дороги, дом 2, строение 2",20, улица Линии Октябрьской Железной Дороги,Тимирязевский район
14704,214324,кадаши ( закрытый),нет,ресторан,"город Москва, 2-й Кадашёвский переулок, дом 16, строение 1",15, 2-й Кадашёвский переулок,район Якиманка
